aarch64,aarch64-line
aarch64,aarch64-original
aarch64,aarch64-plain
adonisjs,adonisjs-original-wordmark
adonisjs,adonisjs-original
aerospike,aerospike-original-wordmark
aerospike,aerospike-original
aframe,aframe-original-wordmark
aframe,aframe-original
aframe,aframe-plain
aftereffects,aftereffects-original
aftereffects,aftereffects-plain
aftereffects,aftereffects.eps
akka,akka-original-wordmark
akka,akka-original
akka,akka-plain-wordmark
akka,akka-plain
algolia,algolia-original-wordmark
algolia,algolia-original
almalinux,almalinux-original-wordmark
almalinux,almalinux-original
almalinux,almalinux-plain-wordmark
almalinux,almalinux-plain
alpinejs,alpinejs-original-wordmark
alpinejs,alpinejs-original
alpinejs,alpinejs.eps
amazonwebservices,amazonwebservices-line-wordmark
amazonwebservices,amazonwebservices-original-wordmark
amazonwebservices,amazonwebservices-plain-wordmark
anaconda,anaconda-original-wordmark
anaconda,anaconda-original
android,android-original-wordmark
android,android-original
android,android-plain-wordmark
android,android-plain
android,android.eps
androidstudio,androidstudio-original-wordmark
androidstudio,androidstudio-original
androidstudio,androidstudio-plain-wordmark
androidstudio,androidstudio-plain
androidstudio,androidstudio.eps
angular,angular-original-wordmark
angular,angular-original
angular,angular-plain-wordmark
angular,angular-plain
angularjs,angularjs-original-wordmark
angularjs,angularjs-original
angularjs,angularjs-plain-wordmark
angularjs,angularjs-plain
angularjs,angularjs.eps
angularmaterial,angularmaterial-original
angularmaterial,angularmaterial-plain
ansible,ansible-original-wordmark
ansible,ansible-original
ansible,ansible-plain-wordmark
ansible,ansible-plain
ansible,ansible.eps
ansys,ansys-original-wordmark
ansys,ansys-original
ansys,ansys-plain-wordmark
ansys,ansys-plain
antdesign,antdesign-original-wordmark
antdesign,antdesign-original
antdesign,antdesign-plain-wordmark
antdesign,antdesign-plain
apache,apache-line-wordmark
apache,apache-line
apache,apache-original-wordmark
apache,apache-original
apache,apache-plain-wordmark
apache,apache-plain
apacheairflow,apacheairflow-original-wordmark
apacheairflow,apacheairflow-original
apacheairflow,apacheairflow-plain-wordmark
apacheairflow,apacheairflow-plain
apachekafka,apachekafka-original-wordmark
apachekafka,apachekafka-original
apachespark,apachespark-original-wordmark
apachespark,apachespark-original
apachespark,apachespark-plain-wordmark
apex,apex-original
apl,apl-original
apl,apl-plain
apollographql,apollographql-line-wordmark
apollographql,apollographql-line
apollographql,apollographql-original-wordmark
apollographql,apollographql-original
appcelerator,appcelerator-original-wordmark
appcelerator,appcelerator-original
appcelerator,appcelerator-plain-wordmark
appcelerator,appcelerator.eps
apple,apple-original
apple,apple.eps
appwrite,appwrite-original-wordmark
appwrite,appwrite-original
appwrite,appwrite-plain-wordmark
archlinux,archlinux-original-wordmark
archlinux,archlinux-original
archlinux,archlinux-plain-wordmark
archlinux,archlinux-plain
arduino,arduino-original-wordmark
arduino,arduino-original
arduino,arduino-plain-wordmark
arduino,arduino-plain
argocd,argocd-original-wordmark
argocd,argocd-original
argocd,argocd-plain-wordmark
argocd,argocd-plain
artixlinux,artixlinux-original-wordmark
artixlinux,artixlinux-original
artixlinux,artixlinux-plain-wordmark
artixlinux,artixlinux-plain
astro,astro-original-wordmark
astro,astro-original
astro,astro-plain-wordmark
astro,astro-plain
atom,atom-original-wordmark
atom,atom-original
atom,atom.eps
awk,awk-original-wordmark
awk,awk-original
awk,awk-plain-wordmark
axios,axios-plain-wordmark
axios,axios-plain
azure,azure-original-wordmark
azure,azure-original
azure,azure-plain-wordmark
azure,azure-plain
azuredevops,azuredevops-original
azuredevops,azuredevops-plain
azuresqldatabase,azuresqldatabase-original
azuresqldatabase,azuresqldatabase-plain
babel,babel-original
babel,babel-plain
babel,babel.eps
babylonjs,babylonjs-original-wordmark
babylonjs,babylonjs-original
babylonjs,babylonjs-plain-wordmark
babylonjs,babylonjs-plain
backbonejs,backbonejs-original-wordmark
backbonejs,backbonejs-original
backbonejs,backbonejs-plain-wordmark
backbonejs,backbonejs-plain
backbonejs,backbonejs.eps
ballerina,ballerina-line-wordmark
ballerina,ballerina-line
ballerina,ballerina-original-wordmark
ballerina,ballerina-original
bamboo,bamboo-original-wordmark
bamboo,bamboo-original
bash,bash-original
bash,bash-plain
bazel,bazel-original-wordmark
bazel,bazel-original
bazel,bazel-plain-wordmark
bazel,bazel-plain
beats,beats-original
beats,beats-plain
behance,behance-original-wordmark
behance,behance-original
behance,behance-plain-wordmark
behance,behance-plain
behance,behance.eps
bevyengine,bevyengine-line-wordmark
bevyengine,bevyengine-line
bevyengine,bevyengine-original-wordmark
bevyengine,bevyengine-original
bevyengine,bevyengine-plain-wordmark
bevyengine,bevyengine-plain
biome,biome-line-wordmark
biome,biome-line
biome,biome-original-wordmark
biome,biome-original
biome,biome-plain-wordmark
bitbucket,bitbucket-original-wordmark
bitbucket,bitbucket-original
bitbucket,bitbucket.eps
blazor,blazor-line
blazor,blazor-original
blender,blender-original-wordmark
blender,blender-original
bootstrap,bootstrap-original-wordmark
bootstrap,bootstrap-original
bootstrap,bootstrap-plain-wordmark
bootstrap,bootstrap-plain
bower,bower-line-wordmark
bower,bower-line
bower,bower-original-wordmark
bower,bower-original
bower,bower-plain-wordmark
bower,bower-plain
bower,bower.eps
browserstack,browserstack-line-wordmark
browserstack,browserstack-line
browserstack,browserstack-original-wordmark
browserstack,browserstack-original
browserstack,browserstack-plain-wordmark
browserstack,browserstack-plain
bulma,bulma-plain
bun,bun-line
bun,bun-original
bun,bun-plain
c,c-line
c,c-original
cairo,cairo-original-wordmark
cairo,cairo-original
cairo,cairo-plain-wordmark
cairo,cairo-plain
cakephp,cakephp-original-wordmark
cakephp,cakephp-original
cakephp,cakephp-plain-wordmark
cakephp,cakephp-plain
cakephp,cakephp.eps
canva,canva-original
capacitor,capacitor-original-wordmark
capacitor,capacitor-original
capacitor,capacitor-plain-wordmark
capacitor,capacitor-plain
carbon,carbon-original
cassandra,cassandra-original-wordmark
cassandra,cassandra-original
cassandra,cassandra-plain-wordmark
cassandra,cassandra-plain
centos,centos-original-wordmark
centos,centos-original
centos,centos-plain-wordmark
centos,centos-plain
ceylon,ceylon-original-wordmark
ceylon,ceylon-original
ceylon,ceylon-plain-wordmark
ceylon,ceylon-plain
ceylon,ceylon.eps
chakraui,chakraui-original-wordmark
chakraui,chakraui-original
chakraui,chakraui-plain-wordmark
chakraui,chakraui-plain
chakraui,chakraui.eps
chartjs,chartjs-original-wordmark
chartjs,chartjs-original
chartjs,chartjs-plain-wordmark
chartjs,chartjs-plain
chrome,chrome-original-wordmark
chrome,chrome-original
chrome,chrome-plain-wordmark
chrome,chrome-plain
chrome,chrome.eps
circleci,circleci-plain-wordmark
circleci,circleci-plain
circleci,circleci.eps
clarity,clarity-original-wordmark
clarity,clarity-original
clarity,clarity-plain-wordmark
clarity,clarity-plain
clickhouse,clickhouse-original
clickhouse,clickhouse-plain
clion,clion-original-wordmark
clion,clion-original
clion,clion-plain-wordmark
clion,clion-plain
clojure,clojure-line
clojure,clojure-original
clojure,clojure.eps
clojurescript,clojurescript-original
clojurescript,clojurescript-plain
clojurescript,clojurescript.eps
cloudflare,cloudflare-original-wordmark
cloudflare,cloudflare-original
cloudflare,cloudflare-plain-wordmark
cloudflare,cloudflare-plain
cloudflare,cloudflare.eps
cloudflareworkers,cloudflareworkers-original-wordmark
cloudflareworkers,cloudflareworkers-original
cloudflareworkers,cloudflareworkers-plain-wordmark
cloudflareworkers,cloudflareworkers-plain
cloudflareworkers,cloudflareworkers.eps
cloudrun,cloudrun-line
cloudrun,cloudrun-original
cloudrun,cloudrun-plain
cmake,cmake-original-wordmark
cmake,cmake-original
cmake,cmake-plain-wordmark
cmake,cmake-plain
cobol,cobol-original
codeac,codeac-original
codecov,codecov-plain
codecov,codecov.eps
codeigniter,codeigniter-plain-wordmark
codeigniter,codeigniter-plain
codeigniter,codeigniter.eps
codepen,codepen-line-wordmark
codepen,codepen-line
codepen,codepen-original-wordmark
codepen,codepen-original
coffeescript,coffeescript-original-wordmark
coffeescript,coffeescript-original
coffeescript,coffeescript.eps
composer,composer-line-wordmark
composer,composer-line
composer,composer-original
composer,composer.eps
confluence,confluence-line-wordmark
confluence,confluence-line
confluence,confluence-original-wordmark
confluence,confluence-original
confluence,confluence-plain-wordmark
confluence,confluence-plain
consul,consul-original-wordmark
consul,consul-original
consul,consul-plain-wordmark
contao,contao-original-wordmark
contao,contao-original
corejs,corejs-original-wordmark
corejs,corejs-original
cosmosdb,cosmosdb-original-wordmark
cosmosdb,cosmosdb-original
cosmosdb,cosmosdb-plain-wordmark
cosmosdb,cosmosdb-plain
couchbase,couchbase-original-wordmark
couchbase,couchbase-original
couchbase,couchbase-plain-wordmark
couchdb,couchdb-original-wordmark
couchdb,couchdb-original
couchdb,couchdb-plain-wordmark
couchdb,couchdb-plain
couchdb,couchdb.eps
cpanel,cpanel-original-wordmark
cpanel,cpanel-original
cplusplus,cplusplus-line
cplusplus,cplusplus-original
cplusplus,cplusplus-plain
crystal,crystal-line-wordmark
crystal,crystal-line
crystal,crystal-original-wordmark
crystal,crystal-original
csharp,csharp-line
csharp,csharp-original
csharp,csharp-plain
csharp,csharp.eps
css3,css3-original-wordmark
css3,css3-original
css3,css3-plain-wordmark
css3,css3-plain
css3,css3.eps
cucumber,cucumber-plain-wordmark
cucumber,cucumber-plain
cypressio,cypressio-line-wordmark
cypressio,cypressio-line
cypressio,cypressio-original-wordmark
cypressio,cypressio-original
cypressio,cypressio-plain-wordmark
cypressio,cypressio-plain
d3js,d3js-original
d3js,d3js-plain
d3js,d3js.eps
dart,dart-original-wordmark
dart,dart-original
dart,dart-plain-wordmark
dart,dart-plain
datadog,datadog-original-wordmark
datadog,datadog-original
datagrip,datagrip-original
datagrip,datagrip-plain-wordmark
datagrip,datagrip-plain
dataspell,dataspell-original-wordmark
dataspell,dataspell-original
dataspell,dataspell-plain-wordmark
dataspell,dataspell-plain
datatables,datatables-original
dbeaver,dbeaver-original
dbeaver,dbeaver-plain
debian,debian-original-wordmark
debian,debian-original
debian,debian-plain-wordmark
debian,debian-plain
debian,debian.eps
delphi,delphi-original
delphi,delphi-plain
denojs,denojs-original-wordmark
denojs,denojs-original
detaspace,detaspace-line-wordmark
detaspace,detaspace-line
detaspace,detaspace-original-wordmark
detaspace,detaspace-original
devicon,devicon-line-wordmark
devicon,devicon-line
devicon,devicon-original-wordmark
devicon,devicon-original
devicon,devicon-plain-wordmark
devicon,devicon-plain
devicon,devicon.eps
digitalocean,digitalocean-original-wordmark
digitalocean,digitalocean-original
discloud,discloud-original-wordmark
discloud,discloud-original
discloud,discloud-plain-wordmark
discordjs,discordjs-original-wordmark
discordjs,discordjs-original
discordjs,discordjs-plain-wordmark
discordjs,discordjs-plain
django,django-plain-wordmark
django,django-plain
djangorest,djangorest-line-wordmark
djangorest,djangorest-line
djangorest,djangorest-original-wordmark
djangorest,djangorest-original
djangorest,djangorest-plain-wordmark
djangorest,djangorest-plain
docker,docker-original-wordmark
docker,docker-original
docker,docker-plain-wordmark
docker,docker-plain
docker,docker.eps
doctrine,doctrine-line-wordmark
doctrine,doctrine-line
doctrine,doctrine-original-wordmark
doctrine,doctrine-original
doctrine,doctrine-plain-wordmark
doctrine,doctrine-plain
doctrine,doctrine.eps
dot-net,dot-net-original-wordmark
dot-net,dot-net-original
dot-net,dot-net-plain-wordmark
dot-net,dot-net-plain
dot-net,dot-net.eps
dotnetcore,dotnetcore-original
dotnetcore,dotnetcore-plain
dovecot,dovecot-line
dovecot,dovecot-original
dovecot,dovecot-plain
dreamweaver,dreamweaver-line
dreamweaver,dreamweaver-original
dreamweaver,dreamweaver-plain
dropwizard,dropwizard-original
dropwizard,dropwizard-plain
drupal,drupal-original-wordmark
drupal,drupal-original
drupal,drupal-plain-wordmark
drupal,drupal-plain
drupal,drupal.eps
duckdb,duckdb-original
duckdb,duckdb-plain
dyalog,dyalog-original
dyalog,dyalog-plain
dynamodb,dynamodb-original
dynamodb,dynamodb-plain
dynatrace,dynatrace-line-wordmark
dynatrace,dynatrace-line
dynatrace,dynatrace-original-wordmark
dynatrace,dynatrace-original
dynatrace,dynatrace-plain-wordmark
dynatrace,dynatrace-plain
eclipse,eclipse-original-wordmark
eclipse,eclipse-original
eclipse,eclipse-plain-wordmark
eclipse,eclipse-plain
ecto,ecto-original-wordmark
ecto,ecto-original
ecto,ecto-plain-wordmark
ecto,ecto.eps
elasticsearch,elasticsearch-original-wordmark
elasticsearch,elasticsearch-original
elasticsearch,elasticsearch-plain-wordmark
elasticsearch,elasticsearch-plain
electron,electron-original-wordmark
electron,electron-original
electron,electron.eps
eleventy,eleventy-original
eleventy,eleventy-plain
elixir,elixir-original-wordmark
elixir,elixir-original
elixir,elixir-plain-wordmark
elixir,elixir-plain
elm,elm-original-wordmark
elm,elm-original
elm,elm-plain-wordmark
elm,elm-plain
elm,elm.eps
emacs,emacs-original
embeddedc,embeddedc-original-wordmark
embeddedc,embeddedc-original
embeddedc,embeddedc-plain-wordmark
embeddedc,embeddedc-plain
embeddedc,embeddedc.eps
ember,ember-original-wordmark
ember,ember-original
ember,ember-plain
ember,ember.eps
entityframeworkcore,entityframeworkcore-line
entityframeworkcore,entityframeworkcore-original
entityframeworkcore,entityframeworkcore-plain
envoy,envoy-original-wordmark
envoy,envoy-original
envoy,envoy-plain-wordmark
envoy,envoy-plain
erlang,erlang-original-wordmark
erlang,erlang-original
erlang,erlang-plain-wordmark
erlang,erlang-plain
erlang,erlang.eps
eslint,eslint-line-wordmark
eslint,eslint-line
eslint,eslint-original-wordmark
eslint,eslint-original
eslint,eslint-plain-wordmark
eslint,eslint-plain
expo,expo-line-wordmark
expo,expo-line
expo,expo-original-wordmark
expo,expo-original
express,express-original-wordmark
express,express-original
express,express.eps
facebook,facebook-original
facebook,facebook-plain
facebook,facebook.eps
fastapi,fastapi-original-wordmark
fastapi,fastapi-original
fastapi,fastapi-plain-wordmark
fastapi,fastapi-plain
fastify,fastify-original-wordmark
fastify,fastify-original
fastify,fastify-plain-wordmark
fastify,fastify-plain
fastify,fastify.eps
faunadb,faunadb-line-wordmark
faunadb,faunadb-line
faunadb,faunadb-original-wordmark
faunadb,faunadb-original
feathersjs,feathersjs-original
fedora,fedora-original
fedora,fedora-plain
fiber,fiber-line
fiber,fiber-original
fiber,fiber-plain
figma,figma-original
figma,figma-plain
filamentphp,filamentphp-original
filezilla,filezilla-line-wordmark
filezilla,filezilla-line
filezilla,filezilla-original-wordmark
filezilla,filezilla-original
filezilla,filezilla-plain-wordmark
filezilla,filezilla-plain
firebase,firebase-line-wordmark
firebase,firebase-line
firebase,firebase-original-wordmark
firebase,firebase-original
firebase,firebase-plain-wordmark
firebase,firebase-plain
firebird,firebird-original
firebird,firebird-plain
firefox,firefox-original-wordmark
firefox,firefox-original
firefox,firefox-plain-wordmark
firefox,firefox-plain
firefox,firefox.eps
flask,flask-original-wordmark
flask,flask-original
flutter,flutter-original
flutter,flutter-plain
flutter,flutter.eps
forgejo,forgejo-line-wordmark
forgejo,forgejo-line
forgejo,forgejo-original-wordmark
forgejo,forgejo-original
forgejo,forgejo-plain-wordmark
forgejo,forgejo-plain
fortran,fortran-original
foundation,foundation-original-wordmark
foundation,foundation-original
foundation,foundation-plain-wordmark
foundation,foundation-plain
foundation,foundation.eps
framermotion,framermotion-original-wordmark
framermotion,framermotion-original
framework7,framework7-original-wordmark
framework7,framework7-original
fsharp,fsharp-original
fsharp,fsharp-plain
fusion,fusion-original
fusion,fusion-plain
gardener,gardener-line
gardener,gardener-original
gardener,gardener-plain
gatling,gatling-line-wordmark
gatling,gatling-line
gatling,gatling-original-wordmark
gatling,gatling-original
gatling,gatling-plain-wordmark
gatsby,gatsby-original-wordmark
gatsby,gatsby-original
gatsby,gatsby-plain-wordmark
gatsby,gatsby.eps
gazebo,gazebo-original-wordmark
gazebo,gazebo-original
gazebo,gazebo-plain-wordmark
gazebo,gazebo-plain
gcc,gcc-line
gcc,gcc-original
gcc,gcc-plain
gentoo,gentoo-line-wordmark
gentoo,gentoo-line
gentoo,gentoo-original-wordmark
gentoo,gentoo-original
gentoo,gentoo-plain-wordmark
gentoo,gentoo-plain
ghost,ghost-original-wordmark
ghost,ghost-original
gimp,gimp-line-wordmark
gimp,gimp-line
gimp,gimp-original-wordmark
gimp,gimp-original
gimp,gimp-plain-wordmark
gimp,gimp-plain
git,git-original-wordmark
git,git-original
git,git-plain-wordmark
git,git-plain
git,git.eps
gitbook,gitbook-line-wordmark
gitbook,gitbook-line
gitbook,gitbook-original-wordmark
gitbook,gitbook-original
github,github-original-wordmark
github,github-original
github,github.eps
githubactions,githubactions-original-wordmark
githubactions,githubactions-original
githubactions,githubactions-plain-wordmark
githubactions,githubactions-plain
githubcodespaces,githubcodespaces-original
githubcodespaces,githubcodespaces-plain
gitkraken,gitkraken-original-wordmark
gitkraken,gitkraken-original
gitkraken,gitkraken-plain-wordmark
gitlab,gitlab-original-wordmark
gitlab,gitlab-original
gitlab,gitlab-plain-wordmark
gitlab,gitlab-plain
gitlab,gitlab.eps
gitpod,gitpod-original-wordmark
gitpod,gitpod-original
gitpod,gitpod-plain-wordmark
gitpod,gitpod-plain
gitter,gitter-plain-wordmark
gitter,gitter-plain
gleam,gleam-original
gleam,gleam-plain
glitch,glitch-original
glitch,glitch-plain
go,go-line
go,go-original-wordmark
go,go-original
go,go-plain
go,go.eps
godot,godot-original-wordmark
godot,godot-original
godot,godot-plain-wordmark
godot,godot-plain
goland,goland-original
goland,goland-plain-wordmark
goland,goland-plain
google,google-original-wordmark
google,google-original
google,google-plain-wordmark
google,google-plain
google,google.eps
googlecloud,googlecloud-original-wordmark
googlecloud,googlecloud-original
googlecloud,googlecloud-plain-wordmark
googlecloud,googlecloud-plain
googlecolab,googlecolab-original
googlecolab,googlecolab-plain
gradle,gradle-original-wordmark
gradle,gradle-original
grafana,grafana-line-wordmark
grafana,grafana-line
grafana,grafana-original-wordmark
grafana,grafana-original
grafana,grafana-plain-wordmark
grafana,grafana-plain
grails,grails-original
grails,grails-plain
graphql,graphql-plain-wordmark
graphql,graphql-plain
groovy,groovy-original
groovy,groovy-plain
grpc,grpc-original
grpc,grpc-plain
grunt,grunt-line-wordmark
grunt,grunt-line
grunt,grunt-original-wordmark
grunt,grunt-original
grunt,grunt-plain-wordmark
grunt,grunt-plain
grunt,grunt.eps
gulp,gulp-plain
gulp,gulp.eps
hadoop,hadoop-original-wordmark
hadoop,hadoop-original
hadoop,hadoop-plain-wordmark
hadoop,hadoop-plain
handlebars,handlebars-line-wordmark
handlebars,handlebars-line
handlebars,handlebars-original-wordmark
handlebars,handlebars-original
harbor,harbor-line-wordmark
harbor,harbor-line
harbor,harbor-original-wordmark
harbor,harbor-original
harbor,harbor-plain-wordmark
harbor,harbor-plain
hardhat,hardhat-original-wordmark
hardhat,hardhat-original
hardhat,hardhat-plain-wordmark
hardhat,hardhat-plain
harvester,harvester-original-wordmark
harvester,harvester-original
harvester,harvester-plain-wordmark
haskell,haskell-original-wordmark
haskell,haskell-original
haskell,haskell-plain-wordmark
haskell,haskell-plain
haskell,haskell.eps
haxe,haxe-original
haxe,haxe-plain
haxe,haxe.eps
helm,helm-line
helm,helm-original
heroku,heroku-original-wordmark
heroku,heroku-original
heroku,heroku-plain-wordmark
heroku,heroku-plain
heroku,heroku.eps
hibernate,hibernate-original-wordmark
hibernate,hibernate-original
hibernate,hibernate-plain-wordmark
hibernate,hibernate-plain
homebrew,homebrew-line-wordmark
homebrew,homebrew-line
homebrew,homebrew-original-wordmark
homebrew,homebrew-original
homebrew,homebrew-plain-wordmark
homebrew,homebrew-plain
hoppscotch,hoppscotch-original
hoppscotch,hoppscotch-plain
html5,html5-original-wordmark
html5,html5-original
html5,html5-plain-wordmark
html5,html5-plain
html5,html5.eps
htmx,htmx-line-wordmark
htmx,htmx-line
htmx,htmx-original-wordmark
htmx,htmx-original
htmx,htmx-plain-wordmark
htmx,htmx-plain
hugo,hugo-original-wordmark
hugo,hugo-original
hugo,hugo-plain-wordmark
hugo,hugo-plain
hugo,hugo.eps
hyperv,hyperv-original-wordmark
hyperv,hyperv-original
hyperv,hyperv-plain
ie10,ie10-original
ie10,ie10.eps
ifttt,ifttt-original
ifttt,ifttt.eps
illustrator,illustrator-line
illustrator,illustrator-original
illustrator,illustrator-plain
illustrator,illustrator.eps
inertiajs,inertiajs-original-wordmark
inertiajs,inertiajs-original
inertiajs,inertiajs-plain-wordmark
inertiajs,inertiajs-plain
influxdb,influxdb-original-wordmark
influxdb,influxdb-original
inkscape,inkscape-original-wordmark
inkscape,inkscape-original
inkscape,inkscape-plain-wordmark
inkscape,inkscape-plain
inkscape,inkscape.eps
insomnia,insomnia-original-wordmark
insomnia,insomnia-original
insomnia,insomnia-plain-wordmark
insomnia,insomnia-plain
intellij,intellij-original
intellij,intellij-plain-wordmark
intellij,intellij-plain
ionic,ionic-original-wordmark
ionic,ionic-original
ionic,ionic.eps
jaegertracing,jaegertracing-original-wordmark
jaegertracing,jaegertracing-original
jaegertracing,jaegertracing-plain-wordmark
jaegertracing,jaegertracing-plain
jamstack,jamstack-original-wordmark
jamstack,jamstack-original
jamstack,jamstack-plain-wordmark
jasmine,jasmine-original-wordmark
jasmine,jasmine-original
java,java-original-wordmark
java,java-original
java,java-plain-wordmark
java,java-plain
java,java.eps
javascript,javascript-original
javascript,javascript-plain
javascript,javascript.eps
jeet,jeet-original-wordmark
jeet,jeet-original
jeet,jeet-plain-wordmark
jeet,jeet-plain
jeet,jeet.eps
jekyll,jekyll-original-wordmark
jekyll,jekyll-original
jekyll,jekyll-plain-wordmark
jekyll,jekyll-plain
jenkins,jenkins-line
jenkins,jenkins-original
jenkins,jenkins-plain
jest,jest-plain
jest,jest.eps
jetbrains,jetbrains-original
jetbrains,jetbrains-plain
jetpackcompose,jetpackcompose-line-wordmark
jetpackcompose,jetpackcompose-line
jetpackcompose,jetpackcompose-original-wordmark
jetpackcompose,jetpackcompose-original
jetpackcompose,jetpackcompose-plain-wordmark
jetpackcompose,jetpackcompose-plain
jhipster,jhipster-original-wordmark
jhipster,jhipster-original
jhipster,jhipster-plain-wordmark
jhipster,jhipster-plain
jira,jira-original-wordmark
jira,jira-original
jira,jira-plain-wordmark
jira,jira-plain
jiraalign,jiraalign-original-wordmark
jiraalign,jiraalign-original
jiraalign,jiraalign-plain-wordmark
jiraalign,jiraalign-plain
jquery,jquery-original-wordmark
jquery,jquery-original
jquery,jquery-plain-wordmark
jquery,jquery-plain
jquery,jquery.eps
json,json-original
json,json-plain
json,json.eps
jule,jule-original-wordmark
jule,jule-original
julia,julia-original-wordmark
julia,julia-original
julia,julia-plain-wordmark
julia,julia-plain
junit,junit-line-wordmark
junit,junit-line
junit,junit-original-wordmark
junit,junit-original
junit,junit-plain-wordmark
junit,junit-plain
jupyter,jupyter-original-wordmark
jupyter,jupyter-original
jupyter,jupyter-plain-wordmark
jupyter,jupyter-plain
k3os,k3os-line-wordmark
k3os,k3os-line
k3os,k3os-original-wordmark
k3os,k3os-original
k3os,k3os-plain-wordmark
k3s,k3s-original-wordmark
k3s,k3s-original
k3s,k3s-plain-wordmark
k6,k6-original
kaggle,kaggle-original-wordmark
kaggle,kaggle-original
kaldi,kaldi-line-wordmark
kaldi,kaldi-line
kaldi,kaldi-original-wordmark
kaldi,kaldi-original
kaldi,kaldi-plain-wordmark
kaldi,kaldi-plain
kalilinux,kalilinux-line-wordmark
kalilinux,kalilinux-line
kalilinux,kalilinux-original-wordmark
kalilinux,kalilinux-original
kalilinux,kalilinux-plain-wordmark
karatelabs,karatelabs-original-wordmark
karatelabs,karatelabs-original
karatelabs,karatelabs-plain-wordmark
karatelabs,karatelabs-plain
karma,karma-original
karma,karma-plain
karma,karma.eps
kdeneon,kdeneon-original
kdeneon,kdeneon-plain
keras,keras-line-wordmark
keras,keras-line
keras,keras-original-wordmark
keras,keras-original
keras,keras-plain-wordmark
keras,keras-plain
kibana,kibana-original-wordmark
kibana,kibana-original
kibana,kibana-plain-wordmark
kibana,kibana-plain
knexjs,knexjs-original-wordmark
knexjs,knexjs-original
knexjs,knexjs-plain-wordmark
knockout,knockout-plain-wordmark
knockout,knockout.eps
kotlin,kotlin-original-wordmark
kotlin,kotlin-original
kotlin,kotlin-plain-wordmark
kotlin,kotlin-plain
krakenjs,krakenjs-original-wordmark
krakenjs,krakenjs-original
krakenjs,krakenjs-plain-wordmark
krakenjs,krakenjs-plain
krakenjs,krakenjs.eps
ktor,ktor-original-wordmark
ktor,ktor-original
ktor,ktor-plain-wordmark
ktor,ktor-plain
kubeflow,kubeflow-line-wordmark
kubeflow,kubeflow-line
kubeflow,kubeflow-original-wordmark
kubeflow,kubeflow-original
kubeflow,kubeflow-plain-wordmark
kubeflow,kubeflow-plain
kubernetes,kubernetes-line-wordmark
kubernetes,kubernetes-line
kubernetes,kubernetes-original-wordmark
kubernetes,kubernetes-original
kubernetes,kubernetes-plain-wordmark
kubernetes,kubernetes-plain
labview,labview-original-wordmark
labview,labview-original
labview,labview-plain-wordmark
labview,labview-plain
labview,labview.eps
laminas,laminas-line-wordmark
laminas,laminas-line
laminas,laminas-original-wordmark
laminas,laminas-original
laravel,laravel-line-wordmark
laravel,laravel-line
laravel,laravel-original-wordmark
laravel,laravel-original
laraveljetstream,laraveljetstream-original-wordmark
laraveljetstream,laraveljetstream-original
laraveljetstream,laraveljetstream-plain-wordmark
latex,latex-original
latex,latex.eps
leetcode,leetcode-line-wordmark
leetcode,leetcode-line
leetcode,leetcode-original-wordmark
leetcode,leetcode-original
leetcode,leetcode-plain-wordmark
leetcode,leetcode-plain
less,less-plain-wordmark
less,less.eps
libgdx,libgdx-line
libgdx,libgdx-original
libgdx,libgdx-plain
linkedin,linkedin-original-wordmark
linkedin,linkedin-original
linkedin,linkedin-plain-wordmark
linkedin,linkedin-plain
linkedin,linkedin.eps
linux,linux-original
linux,linux-plain
linux,linux.eps
linuxmint,linuxmint-original-wordmark
linuxmint,linuxmint-original
linuxmint,linuxmint-plain-wordmark
linuxmint,linuxmint-plain
liquibase,liquibase-original-wordmark
liquibase,liquibase-original
livewire,livewire-original-wordmark
livewire,livewire-original
livewire,livewire-plain-wordmark
livewire,livewire-plain
llvm,llvm-line
llvm,llvm-original
llvm,llvm-plain
lodash,lodash-original
lodash,lodash-plain
logstash,logstash-original-wordmark
logstash,logstash-original
logstash,logstash-plain-wordmark
logstash,logstash-plain
love2d,love2d-line
love2d,love2d-original
love2d,love2d-plain
lua,lua-line
lua,lua-original
lua,lua-plain
lumen,lumen-original
magento,magento-line-wordmark
magento,magento-line
magento,magento-original-wordmark
magento,magento-original
magento,magento-plain-wordmark
mapbox,mapbox-original
mariadb,mariadb-original-wordmark
mariadb,mariadb-original
markdown,markdown-original
materializecss,materializecss-original
materializecss,materializecss-plain
materialui,materialui-original
materialui,materialui-plain
materialui,materialui.eps
matlab,matlab-line
matlab,matlab-original
matlab,matlab-plain
matplotlib,matplotlib-original-wordmark
matplotlib,matplotlib-original
matplotlib,matplotlib-plain-wordmark
matplotlib,matplotlib-plain
matplotlib,matplotlib.eps
mattermost,mattermost-original-wordmark
mattermost,mattermost-original
maven,maven-original-wordmark
maven,maven-original
maven,maven-plain-wordmark
maven,maven-plain
maya,maya-original-wordmark
maya,maya-original
maya,maya-plain-wordmark
maya,maya-plain
maya,maya.eps
memcached,memcached-line-wordmark
memcached,memcached-line
memcached,memcached-original-wordmark
memcached,memcached-original
memcached,memcached-plain-wordmark
memcached,memcached-plain
mercurial,mercurial-original-wordmark
mercurial,mercurial-original
mercurial,mercurial-plain-wordmark
mercurial,mercurial-plain
meteor,meteor-original-wordmark
meteor,meteor-original
meteor,meteor-plain-wordmark
meteor,meteor-plain
meteor,meteor.eps
microsoftsqlserver,microsoftsqlserver-line-wordmark
microsoftsqlserver,microsoftsqlserver-line
microsoftsqlserver,microsoftsqlserver-original-wordmark
microsoftsqlserver,microsoftsqlserver-original
microsoftsqlserver,microsoftsqlserver-plain-wordmark
microsoftsqlserver,microsoftsqlserver-plain
minitab,minitab-original
minitab,minitab-plain
minitab,minitab.eps
mithril,mithril-line
mithril,mithril-original
mobx,mobx-original
mobx,mobx-plain
mocha,mocha-original
mocha,mocha-plain
mocha,mocha.eps
modx,modx-original-wordmark
modx,modx-original
modx,modx-plain-wordmark
modx,modx-plain
modx,modx.eps
moleculer,moleculer-original-wordmark
moleculer,moleculer-original
mongodb,mongodb-original-wordmark
mongodb,mongodb-original
mongodb,mongodb-plain-wordmark
mongodb,mongodb-plain
mongodb,mongodb.eps
mongoose,mongoose-original-wordmark
mongoose,mongoose-original
monogame,monogame-line-wordmark
monogame,monogame-line
monogame,monogame-original-wordmark
monogame,monogame-original
monogame,monogame-plain-wordmark
moodle,moodle-original-wordmark
moodle,moodle-original
moodle,moodle-plain-wordmark
moodle,moodle-plain
moodle,moodle.eps
msdos,msdos-line
msdos,msdos-original
msdos,msdos-plain
mysql,mysql-original-wordmark
mysql,mysql-original
mysql,mysql-plain-wordmark
mysql,mysql.eps
nano,nano-original-wordmark
nano,nano-original
nano,nano-plain-wordmark
nano,nano-plain
nats,nats-original
nats,nats-plain
neo4j,neo4j-original-wordmark
neo4j,neo4j-original
neo4j,neo4j-plain-wordmark
neo4j,neo4j-plain
neovim,neovim-line-wordmark
neovim,neovim-line
neovim,neovim-original-wordmark
neovim,neovim-original
neovim,neovim-plain-wordmark
neovim,neovim-plain
nestjs,nestjs-line-wordmark
nestjs,nestjs-line
nestjs,nestjs-original-wordmark
nestjs,nestjs-original
netbeans,netbeans-original-wordmark
netbeans,netbeans-original
netbeans,netbeans-plain-wordmark
netbeans,netbeans-plain
netbox,netbox-line-wordmark
netbox,netbox-line
netbox,netbox-original-wordmark
netbox,netbox-original
netbox,netbox-plain-wordmark
netbox,netbox-plain
netlify,netlify-original-wordmark
netlify,netlify-original
netlify,netlify-plain-wordmark
netlify,netlify-plain
networkx,networkx-line-wordmark
networkx,networkx-line
networkx,networkx-original-wordmark
networkx,networkx-original
networkx,networkx-plain-wordmark
networkx,networkx-plain
newrelic,newrelic-line
newrelic,newrelic-original
newrelic,newrelic-plain
nextjs,nextjs-line-wordmark
nextjs,nextjs-line
nextjs,nextjs-original-wordmark
nextjs,nextjs-original
nextjs,nextjs-plain
nginx,nginx-original
nginx,nginx.eps
ngrok,ngrok-line
ngrok,ngrok-original
ngrx,ngrx-original
ngrx,ngrx-plain
nhibernate,nhibernate-line-wordmark
nhibernate,nhibernate-line
nhibernate,nhibernate-original-wordmark
nhibernate,nhibernate-original
nhibernate,nhibernate-plain-wordmark
nhibernate,nhibernate-plain
nim,nim-line-wordmark
nim,nim-line
nim,nim-original-wordmark
nim,nim-original
nim,nim-plain-wordmark
nim,nim-plain
nimble,nimble-original
nimble,nimble-plain
nixos,nixos-original-wordmark
nixos,nixos-original
nixos,nixos-plain-wordmark
nixos,nixos-plain
nodejs,nodejs-line-wordmark
nodejs,nodejs-line
nodejs,nodejs-original-wordmark
nodejs,nodejs-original
nodejs,nodejs-plain-wordmark
nodejs,nodejs-plain
nodejs,nodejs.eps
nodemon,nodemon-line
nodemon,nodemon-original
nodemon,nodemon-plain
nodered,nodered-line
nodered,nodered-original
nodered,nodered-plain
nodewebkit,nodewebkit-line-wordmark
nodewebkit,nodewebkit-line
nodewebkit,nodewebkit-original-wordmark
nodewebkit,nodewebkit-original
nodewebkit,nodewebkit-plain-wordmark
nodewebkit,nodewebkit-plain
nodewebkit,nodewebkit.eps
nomad,nomad-original-wordmark
nomad,nomad-original
nomad,nomad-plain-wordmark
norg,norg-original
norg,norg-plain
notion,notion-line
notion,notion-original
notion,notion-plain
npm,npm-original-wordmark
npm,npm-original
npm,npm-plain
npss,npss-original
npss,npss-plain
nuget,nuget-original-wordmark
nuget,nuget-original
numpy,numpy-line-wordmark
numpy,numpy-line
numpy,numpy-original-wordmark
numpy,numpy-original
numpy,numpy-plain-wordmark
numpy,numpy-plain
nuxt,nuxt-original-wordmark
nuxt,nuxt-original
nuxt,nuxt-plain-wordmark
nuxtjs,nuxtjs-original-wordmark
nuxtjs,nuxtjs-original
nuxtjs,nuxtjs-plain-wordmark
nuxtjs,nuxtjs-plain
oauth,oauth-original
oauth,oauth-plain
objectivec,objectivec-plain
objectivec,objectivec.eps
ocaml,ocaml-original-wordmark
ocaml,ocaml-original
ocaml,ocaml-plain-wordmark
ocaml,ocaml-plain
ohmyzsh,ohmyzsh-original
ohmyzsh,ohmyzsh-plain
ohmyzsh,ohmyzsh.eps
okta,okta-original-wordmark
okta,okta-original
okta,okta-plain-wordmark
okta,okta-plain
openal,openal-original
openal,openal-plain
openapi,openapi-line-wordmark
openapi,openapi-line
openapi,openapi-original-wordmark
openapi,openapi-original
openapi,openapi-plain-wordmark
openapi,openapi-plain
opencl,opencl-line
opencl,opencl-original
opencl,opencl-plain
opencv,opencv-original-wordmark
opencv,opencv-original
opencv,opencv-plain-wordmark
opencv,opencv-plain
opengl,opengl-original
opengl,opengl-plain
openstack,openstack-original-wordmark
openstack,openstack-original
openstack,openstack-plain-wordmark
opensuse,opensuse-original-wordmark
opensuse,opensuse-original
opentelemetry,opentelemetry-original-wordmark
opentelemetry,opentelemetry-original
opentelemetry,opentelemetry-plain-wordmark
opentelemetry,opentelemetry-plain
opera,opera-original-wordmark
opera,opera-original
opera,opera-plain-wordmark
opera,opera-plain
oracle,oracle-original
oracle,oracle.eps
ory,ory-original-wordmark
ory,ory-original
p5js,p5js-original
packer,packer-line-wordmark
packer,packer-line
packer,packer-original-wordmark
packer,packer-original
packer,packer-plain-wordmark
packer,packer-plain
pandas,pandas-line-wordmark
pandas,pandas-line
pandas,pandas-original-wordmark
pandas,pandas-original
pandas,pandas-plain-wordmark
pandas,pandas-plain
passport,passport-original-wordmark
passport,passport-original
passport,passport-plain
perl,perl-original
perl,perl-plain
pfsense,pfsense-original-wordmark
pfsense,pfsense-original
phalcon,phalcon-original
phalcon,phalcon-plain
phalcon,phalcon.eps
phoenix,phoenix-original-wordmark
phoenix,phoenix-original
phoenix,phoenix-plain-wordmark
photonengine,photonengine-original
photonengine,photonengine-plain
photoshop,photoshop-line
photoshop,photoshop-original
photoshop,photoshop-plain
php,php-original
php,php-plain
phpstorm,phpstorm-original
phpstorm,phpstorm-plain-wordmark
phpstorm,phpstorm-plain
pixijs,pixijs-original-wordmark
pixijs,pixijs-original
pixijs,pixijs-plain-wordmark
pixijs,pixijs-plain
playwright,playwright-original
playwright,playwright-plain
plotly,plotly-original-wordmark
plotly,plotly-original
plotly,plotly-plain-wordmark
plotly,plotly-plain
pm2,pm2-line-wordmark
pm2,pm2-line
pm2,pm2-original-wordmark
pm2,pm2-original
pm2,pm2-plain-wordmark
pm2,pm2-plain
pnpm,pnpm-original-wordmark
pnpm,pnpm-original
pnpm,pnpm-plain-wordmark
pnpm,pnpm-plain
podman,podman-original-wordmark
podman,podman-original
podman,podman-plain-wordmark
podman,podman-plain
poetry,poetry-original
poetry,poetry-plain
polygon,polygon-original-wordmark
polygon,polygon-original
polygon,polygon-plain-wordmark
polygon,polygon-plain
portainer,portainer-original-wordmark
portainer,portainer-original
postcss,postcss-original-wordmark
postcss,postcss-original
postcss,postcss-plain-wordmark
postgresql,postgresql-original-wordmark
postgresql,postgresql-original
postgresql,postgresql-plain-wordmark
postgresql,postgresql-plain
postgresql,postgresql.eps
postman,postman-original-wordmark
postman,postman-original
postman,postman-plain-wordmark
postman,postman-plain
powershell,powershell-original
powershell,powershell-plain
powershell,powershell.eps
premierepro,premierepro-original
premierepro,premierepro-plain
premierepro,premierepro.eps
primeng,primeng-original
primeng,primeng-plain
prisma,prisma-original-wordmark
prisma,prisma-original
processing,processing-line
processing,processing-original
processing,processing-plain
processwire,processwire-original-wordmark
processwire,processwire-original
processwire,processwire-plain-wordmark
prolog,prolog-original-wordmark
prolog,prolog-original
prolog,prolog-plain-wordmark
prolog,prolog-plain
prometheus,prometheus-line-wordmark
prometheus,prometheus-line
prometheus,prometheus-original-wordmark
prometheus,prometheus-original
prometheus,prometheus-plain-wordmark
protractor,protractor-line-wordmark
protractor,protractor-line
protractor,protractor-original-wordmark
protractor,protractor-original
protractor,protractor-plain-wordmark
protractor,protractor-plain
proxmox,proxmox-original-wordmark
proxmox,proxmox-original
proxmox,proxmox-plain-wordmark
proxmox,proxmox-plain
pug,pug-line
pug,pug-original
pug,pug-plain
pulsar,pulsar-original-wordmark
pulsar,pulsar-original
pulumi,pulumi-original-wordmark
pulumi,pulumi-original
pulumi,pulumi-plain-wordmark
pulumi,pulumi-plain
puppeteer,puppeteer-original
puppeteer,puppeteer-plain
purescript,purescript-original-wordmark
purescript,purescript-original
putty,putty-original
putty,putty-plain
pycharm,pycharm-original-wordmark
pycharm,pycharm-original
pycharm,pycharm-plain-wordmark
pycharm,pycharm-plain
pypi,pypi-original-wordmark
pypi,pypi-original
pypi,pypi-plain-wordmark
pypi,pypi-plain
pyscript,pyscript-original-wordmark
pyscript,pyscript-plain-wordmark
pytest,pytest-original-wordmark
pytest,pytest-original
pytest,pytest-plain-wordmark
pytest,pytest-plain
python,python-original-wordmark
python,python-original
python,python-plain-wordmark
python,python-plain
python,python.eps
pytorch,pytorch-original-wordmark
pytorch,pytorch-original
pytorch,pytorch-plain-wordmark
pytorch,pytorch.eps
qodana,qodana-original
qodana,qodana-plain-wordmark
qodana,qodana-plain
qt,qt-original
qtest,qtest-original-wordmark
qtest,qtest-original
quarkus,quarkus-original-wordmark
quarkus,quarkus-original
quarkus,quarkus-plain-wordmark
quarkus,quarkus-plain
quasar,quasar-original-wordmark
quasar,quasar-original
quasar,quasar-plain-wordmark
quasar,quasar-plain
qwik,qwik-original-wordmark
qwik,qwik-original
qwik,qwik-plain-wordmark
qwik,qwik-plain
r,r-line
r,r-original
r,r-plain
rabbitmq,rabbitmq-original-wordmark
rabbitmq,rabbitmq-original
rabbitmq,rabbitmq-plain-wordmark
racket,racket-line
racket,racket-original
racket,racket-plain
radstudio,radstudio-original
radstudio,radstudio-plain
rails,rails-original-wordmark
rails,rails-plain-wordmark
rails,rails-plain
rails,rails.eps
railway,railway-line-wordmark
railway,railway-line
railway,railway-original-wordmark
railway,railway-original
rancher,rancher-line-wordmark
rancher,rancher-line
rancher,rancher-original-wordmark
rancher,rancher-original
rancher,rancher-plain-wordmark
raspberrypi,raspberrypi-line-wordmark
raspberrypi,raspberrypi-line
raspberrypi,raspberrypi-original-wordmark
raspberrypi,raspberrypi-original
raspberrypi,raspberrypi-plain-wordmark
raspberrypi,raspberrypi-plain
reach,reach-original
reach,reach-plain
react,react-original-wordmark
react,react-original
react,react.eps
reactbootstrap,reactbootstrap-original
reactnative,reactnative-original-wordmark
reactnative,reactnative-original
reactnavigation,reactnavigation-original
reactrouter,reactrouter-original-wordmark
reactrouter,reactrouter-original
reactrouter,reactrouter-plain-wordmark
reactrouter,reactrouter-plain
readthedocs,readthedocs-line
readthedocs,readthedocs-original-wordmark
readthedocs,readthedocs-original
realm,realm-original-wordmark
realm,realm-original
realm,realm-plain-wordmark
realm,realm-plain
rect,rect-original
rect,rect-plain
redhat,redhat-original-wordmark
redhat,redhat-original
redhat,redhat-plain-wordmark
redhat,redhat-plain
redhat,redhat.eps
redis,redis-original-wordmark
redis,redis-original
redis,redis-plain-wordmark
redis,redis-plain
redis,redis.eps
redux,redux-original
redux,redux.eps
reflex,reflex-original-wordmark
reflex,reflex-original
reflex,reflex-plain-wordmark
reflex,reflex-plain
remix,remix-line-wordmark
remix,remix-line
remix,remix-original-wordmark
remix,remix-original
renpy,renpy-original
renpy,renpy-plain
replit,replit-original-wordmark
replit,replit-original
replit,replit-plain-wordmark
rexx,rexx-original-wordmark
rexx,rexx-original
rexx,rexx-plain-wordmark
rexx,rexx-plain
rider,rider-original-wordmark
rider,rider-original
rider,rider-plain-wordmark
rider,rider-plain
rocksdb,rocksdb-line
rocksdb,rocksdb-original
rocksdb,rocksdb-plain
rockylinux,rockylinux-original-wordmark
rockylinux,rockylinux-original
rockylinux,rockylinux-plain-wordmark
rollup,rollup-line-wordmark
rollup,rollup-line
rollup,rollup-original-wordmark
rollup,rollup-original
rollup,rollup-plain-wordmark
rollup,rollup-plain
rollup,rollup.eps
ros,ros-original-wordmark
ros,ros-original
rspec,rspec-line-wordmark
rspec,rspec-line
rspec,rspec-original-wordmark
rspec,rspec-original
rspec,rspec-plain-wordmark
rspec,rspec-plain
rstudio,rstudio-original
rstudio,rstudio-plain
ruby,ruby-original-wordmark
ruby,ruby-original
ruby,ruby-plain-wordmark
ruby,ruby-plain
ruby,ruby.eps
rubymine,rubymine-original-wordmark
rubymine,rubymine-original
rubymine,rubymine-plain-wordmark
rubymine,rubymine-plain
rust,rust-line
rust,rust-original
rxjs,rxjs-original
rxjs,rxjs-plain
safari,safari-line-wordmark
safari,safari-line
safari,safari-original-wordmark
safari,safari-original
safari,safari-plain-wordmark
safari,safari-plain
safari,safari.eps
salesforce,salesforce-original
salesforce,salesforce-plain
salesforce,salesforce.eps
sanity,sanity-original
sanity,sanity-plain
sass,sass-original
sass,sass.eps
scala,scala-original-wordmark
scala,scala-original
scala,scala-plain-wordmark
scala,scala-plain
scalingo,scalingo-line-wordmark
scalingo,scalingo-line
scalingo,scalingo-original-wordmark
scalingo,scalingo-original
scalingo,scalingo-plain-wordmark
scalingo,scalingo-plain
scikitlearn,scikitlearn-line
scikitlearn,scikitlearn-original
scikitlearn,scikitlearn-plain
sdl,sdl-original
sdl,sdl-plain
selenium,selenium-original
selenium,selenium.eps
sema,sema-original-wordmark
sema,sema-original
sentry,sentry-original-wordmark
sentry,sentry-original
sequelize,sequelize-original-wordmark
sequelize,sequelize-original
sequelize,sequelize-plain-wordmark
sequelize,sequelize-plain
sequelize,sequelize.eps
shopware,shopware-original-wordmark
shopware,shopware-original
shopware,shopware.eps
shotgrid,shotgrid-original-wordmark
shotgrid,shotgrid-original
shotgrid,shotgrid-plain
shotgrid,shotgrid.eps
sketch,sketch-line-wordmark
sketch,sketch-line
sketch,sketch-original-wordmark
sketch,sketch-original
sketch,sketch-plain-wordmark
sketch,sketch-plain
slack,slack-original-wordmark
slack,slack-original
slack,slack-plain-wordmark
slack,slack-plain
socketio,socketio-original-wordmark
socketio,socketio-original
solidity,solidity-original
solidity,solidity-plain
solidjs,solidjs-original-wordmark
solidjs,solidjs-original
solidjs,solidjs-plain-wordmark
solidjs,solidjs-plain
sonarqube,sonarqube-line-wordmark
sonarqube,sonarqube-line
sonarqube,sonarqube-original-wordmark
sonarqube,sonarqube-original
sonarqube,sonarqube-plain-wordmark
sourceengine,sourceengine-original-wordmark
sourceengine,sourceengine-original
sourceengine,sourceengine-plain-wordmark
sourceengine,sourceengine-plain
sourcetree,sourcetree-original-wordmark
sourcetree,sourcetree-original
sourcetree,sourcetree.eps
spack,spack-original
spack,spack-plain
spack,spack.eps
spicedb,spicedb-line
spicedb,spicedb-original
spicedb,spicedb-plain
splunk,splunk-original-wordmark
spring,spring-original-wordmark
spring,spring-original
spss,spss-original
spss,spss-plain
spss,spss.eps
spyder,spyder-original-wordmark
spyder,spyder-original
spyder,spyder-plain-wordmark
spyder,spyder-plain
sqlalchemy,sqlalchemy-original-wordmark
sqlalchemy,sqlalchemy-original
sqlalchemy,sqlalchemy-plain-wordmark
sqlalchemy,sqlalchemy-plain
sqldeveloper,sqldeveloper-original
sqldeveloper,sqldeveloper-plain
sqlite,sqlite-original-wordmark
sqlite,sqlite-original
sqlite,sqlite-plain-wordmark
sqlite,sqlite-plain
ssh,ssh-original-wordmark
ssh,ssh-original
ssh,ssh.eps
stackblitz,stackblitz-line-wordmark
stackblitz,stackblitz-line
stackblitz,stackblitz-original-wordmark
stackblitz,stackblitz-original
stackblitz,stackblitz-plain-wordmark
stackoverflow,stackoverflow-line-wordmark
stackoverflow,stackoverflow-line
stackoverflow,stackoverflow-original-wordmark
stackoverflow,stackoverflow-original
stackoverflow,stackoverflow-plain-wordmark
stackoverflow,stackoverflow-plain
stata,stata-original-wordmark
stenciljs,stenciljs-original-wordmark
stenciljs,stenciljs-original
stenciljs,stenciljs-plain-wordmark
stenciljs,stenciljs-plain
storybook,storybook-original-wordmark
storybook,storybook-original
storybook,storybook-plain-wordmark
storybook,storybook-plain
streamlit,streamlit-original-wordmark
streamlit,streamlit-original
streamlit,streamlit-plain-wordmark
streamlit,streamlit-plain
styledcomponents,styledcomponents-original-wordmark
styledcomponents,styledcomponents-original
styledcomponents,styledcomponents-plain-wordmark
styledcomponents,styledcomponents-plain
stylus,stylus-original
stylus,stylus.eps
subversion,subversion-original-wordmark
subversion,subversion-original
subversion,subversion-plain-wordmark
sulu,sulu-line-wordmark
sulu,sulu-line
sulu,sulu-original-wordmark
sulu,sulu-original
supabase,supabase-original-wordmark
supabase,supabase-original
supabase,supabase-plain-wordmark
supabase,supabase-plain
surrealdb,surrealdb-original-wordmark
surrealdb,surrealdb-original
surrealdb,surrealdb-plain-wordmark
surrealdb,surrealdb-plain
svelte,svelte-original-wordmark
svelte,svelte-original
svelte,svelte-plain-wordmark
svelte,svelte-plain
svgo,svgo-line-wordmark
svgo,svgo-line
svgo,svgo-original-wordmark
svgo,svgo-original
svgo,svgo-plain-wordmark
svgo,svgo-plain
swagger,swagger-original-wordmark
swagger,swagger-original
swagger,swagger-plain-wordmark
swagger,swagger-plain
swift,swift-original-wordmark
swift,swift-original
swift,swift-plain-wordmark
swift,swift-plain
swift,swift.eps
swiper,swiper-original
symfony,symfony-original-wordmark
symfony,symfony-original
symfony,symfony.eps
tailwindcss,tailwindcss-original-wordmark
tailwindcss,tailwindcss-original
tailwindcss,tailwindcss-plain-wordmark
talos,talos-original
talos,talos-plain
tauri,tauri-original-wordmark
tauri,tauri-original
tauri,tauri-plain-wordmark
tauri,tauri-plain
teleport,teleport-line-wordmark
teleport,teleport-line
teleport,teleport-original-wordmark
teleport,teleport-original
tensorflow,tensorflow-line-wordmark
tensorflow,tensorflow-line
tensorflow,tensorflow-original-wordmark
tensorflow,tensorflow-original
terraform,terraform-original-wordmark
terraform,terraform-original
terraform,terraform-plain-wordmark
terraform,terraform-plain
terramate,terramate-original-wordmark
terramate,terramate-original
tex,tex-original
thealgorithms,thealgorithms-original-wordmark
thealgorithms,thealgorithms-original
thealgorithms,thealgorithms-plain-wordmark
thealgorithms,thealgorithms-plain
threedsmax,threedsmax-original
threedsmax,threedsmax-plain
threejs,threejs-original-wordmark
threejs,threejs-original
thymeleaf,thymeleaf-original-wordmark
thymeleaf,thymeleaf-original
thymeleaf,thymeleaf-plain-wordmark
thymeleaf,thymeleaf-plain
thymeleaf,thymeleaf.eps
titaniumsdk,titaniumsdk-original
tmux,tmux-original-wordmark
tmux,tmux-original
tmux,tmux-plain-wordmark
tmux,tmux-plain
tomcat,tomcat-line-wordmark
tomcat,tomcat-line
tomcat,tomcat-original-wordmark
tomcat,tomcat-original
tomcat,tomcat.eps
tortoisegit,tortoisegit-line
tortoisegit,tortoisegit-original
tortoisegit,tortoisegit-plain
towergit,towergit-original-wordmark
towergit,towergit-original
towergit,towergit-plain-wordmark
towergit,towergit-plain
traefikmesh,traefikmesh-line-wordmark
traefikmesh,traefikmesh-line
traefikmesh,traefikmesh-original-wordmark
traefikmesh,traefikmesh-original
traefikmesh,traefikmesh-plain-wordmark
traefikproxy,traefikproxy-line-wordmark
traefikproxy,traefikproxy-line
traefikproxy,traefikproxy-original-wordmark
traefikproxy,traefikproxy-original
traefikproxy,traefikproxy-plain-wordmark
travis,travis-line-wordmark
travis,travis-line
travis,travis-original-wordmark
travis,travis-original
travis,travis-plain-wordmark
travis,travis-plain
trello,trello-line-wordmark
trello,trello-line
trello,trello-original-wordmark
trello,trello-original
trello,trello-plain-wordmark
trello,trello-plain
trpc,trpc-original-wordmark
trpc,trpc-original
trpc,trpc-plain-wordmark
trpc,trpc-plain
turbo,turbo-original-wordmark
turbo,turbo-original
turbo,turbo-plain-wordmark
twilio,twilio-original-wordmark
twilio,twilio-original
twitter,twitter-original
typescript,typescript-original
typescript,typescript-plain
typescript,typescript.eps
typo3,typo3-line-wordmark
typo3,typo3-line
typo3,typo3-original-wordmark
typo3,typo3-original
typo3,typo3-plain-wordmark
typo3,typo3.eps
ubuntu,ubuntu-original-wordmark
ubuntu,ubuntu-original
ubuntu,ubuntu-plain-wordmark
ubuntu,ubuntu-plain
ubuntu,ubuntu.eps
unifiedmodelinglanguage,unifiedmodelinglanguage-original-wordmark
unifiedmodelinglanguage,unifiedmodelinglanguage-original
unifiedmodelinglanguage,unifiedmodelinglanguage-plain-wordmark
unifiedmodelinglanguage,unifiedmodelinglanguage-plain
unity,unity-line-wordmark
unity,unity-line
unity,unity-original-wordmark
unity,unity-original
unity,unity-plain-wordmark
unity,unity-plain
unix,unix-original
unix,unix.eps
unrealengine,unrealengine-original-wordmark
unrealengine,unrealengine-original
uwsgi,uwsgi-original
uwsgi,uwsgi-plain
uwsgi,uwsgi.eps
v8,v8-original
v8,v8-plain
vaadin,vaadin-original-wordmark
vaadin,vaadin-original
vagrant,vagrant-original-wordmark
vagrant,vagrant-original
vagrant,vagrant-plain-wordmark
vagrant,vagrant-plain
vagrant,vagrant.eps
vala,vala-original-wordmark
vala,vala-original
vala,vala-plain-wordmark
vala,vala-plain
vault,vault-original-wordmark
vault,vault-original
vault,vault-plain-wordmark
veevalidate,veevalidate-line
veevalidate,veevalidate-original
vercel,vercel-line-wordmark
vercel,vercel-line
vercel,vercel-original-wordmark
vercel,vercel-original
vertx,vertx-line-wordmark
vertx,vertx-line
vertx,vertx-original-wordmark
vertx,vertx-original
vertx,vertx-plain-wordmark
vertx,vertx-plain
vim,vim-original
vim,vim-plain
vim,vim.eps
visualbasic,visualbasic-line
visualbasic,visualbasic-original
visualbasic,visualbasic-plain
visualstudio,visualstudio-line-wordmark
visualstudio,visualstudio-line
visualstudio,visualstudio-original-wordmark
visualstudio,visualstudio-original
visualstudio,visualstudio-plain-wordmark
visualstudio,visualstudio-plain
vite,vite-original-wordmark
vite,vite-original
vitejs,vitejs-original
vitejs,vitejs-plain
vitess,vitess-original-wordmark
vitess,vitess-original
vitess,vitess-plain-wordmark
vitess,vitess-plain
vitest,vitest-original
vitest,vitest-plain
vscode,vscode-original-wordmark
vscode,vscode-original
vscode,vscode-plain-wordmark
vscode,vscode-plain
vscodium,vscodium-original
vscodium,vscodium-plain
vsphere,vsphere-line-wordmark
vsphere,vsphere-line
vsphere,vsphere-original-wordmark
vsphere,vsphere-original
vsphere,vsphere-plain-wordmark
vsphere,vsphere-plain
vuejs,vuejs-line-wordmark
vuejs,vuejs-line
vuejs,vuejs-original-wordmark
vuejs,vuejs-original
vuejs,vuejs-plain-wordmark
vuejs,vuejs-plain
vuejs,vuejs.eps
vuestorefront,vuestorefront-original
vuestorefront,vuestorefront-plain
vuestorefront,vuestorefront.eps
vuetify,vuetify-line
vuetify,vuetify-original
vuetify,vuetify-plain
vulkan,vulkan-line
vulkan,vulkan-original
vyper,vyper-original-wordmark
vyper,vyper-original
waku,waku-line
waku,waku-original
waku,waku-plain
wasm,wasm-original-wordmark
wasm,wasm-original
wasm,wasm-plain-wordmark
web3js,web3js-original
web3js,web3js-plain
webflow,webflow-original
webgpu,webgpu-line-wordmark
webgpu,webgpu-line
webgpu,webgpu-original-wordmark
webgpu,webgpu-original
webgpu,webgpu-plain-wordmark
webgpu,webgpu-plain
weblate,weblate-original-wordmark
weblate,weblate-original
weblate,weblate-plain-wordmark
weblate,weblate-plain
webpack,webpack-original-wordmark
webpack,webpack-original
webpack,webpack-plain-wordmark
webpack,webpack-plain
webpack,webpack.eps
webstorm,webstorm-original-wordmark
webstorm,webstorm-original
webstorm,webstorm-plain-wordmark
webstorm,webstorm-plain
windows8,windows8-original-wordmark
windows8,windows8-original
windows8,windows8.eps
windows11,windows11-original-wordmark
windows11,windows11-original
wolfram,wolfram-original-wordmark
wolfram,wolfram-original
wolfram,wolfram-plain-wordmark
wolfram,wolfram-plain
woocommerce,woocommerce-original-wordmark
woocommerce,woocommerce-original
woocommerce,woocommerce-plain-wordmark
woocommerce,woocommerce-plain
woocommerce,woocommerce.eps
wordpress,wordpress-original
wordpress,wordpress-plain-wordmark
wordpress,wordpress-plain
wordpress,wordpress.eps
xamarin,xamarin-original-wordmark
xamarin,xamarin-original
xamarin,xamarin.eps
xcode,xcode-original
xcode,xcode-plain
xcode,xcode.eps
xd,xd-line
xd,xd-original
xd,xd-plain
xml,xml-line
xml,xml-original
xml,xml-plain
yaml,yaml-original
yaml,yaml-plain
yarn,yarn-line-wordmark
yarn,yarn-line
yarn,yarn-original-wordmark
yarn,yarn-original
yii,yii-original-wordmark
yii,yii-original
yii,yii-plain-wordmark
yii,yii-plain
yugabytedb,yugabytedb-original-wordmark
yugabytedb,yugabytedb-original
yugabytedb,yugabytedb-plain-wordmark
yugabytedb,yugabytedb-plain
yunohost,yunohost-original
yunohost,yunohost-plain
yunohost,yunohost.eps
zend,zend-line-wordmark
zend,zend-line
zend,zend-original-wordmark
zend,zend-original
zig,zig-original-wordmark
zig,zig-original
zig,zig-plain-wordmark
zsh,zsh-line-wordmark
zsh,zsh-line
zsh,zsh-original-wordmark
zsh,zsh-original
zsh,zsh-plain-wordmark
zsh,zsh-plain
zustand,zustand-original
zustand,zustand-plain
